cluster_id,marker_id,ID,logFC,AveExpr,t,p_val,p_adj,B,celltype,marker
CD8+ EM,CD52,CD8+ EM,2.1617430234937975,2.7839027777777776,3.4687312279453746,0.0027404090725900447,0.8330843580673736,-1.9528308153387024,CD8+ EM,CD52
CD4+ EM,CD52,CD4+ EM,2.584377048996911,3.0429235294117647,3.0047006901139515,0.007974222383007355,0.9340252298878517,-2.5877859278378383,CD4+ EM,CD52
CD8+ TE,CD52,CD8+ TE,2.483982292487779,2.875340555555556,2.916175351105488,0.009217354242314327,0.9340252298878517,-3.5389181146306607,CD8+ TE,CD52
CD4+ CM,CD45RA,CD4+ CM,-0.06933526636947986,-0.13532280714285716,-0.13881310441796169,0.8915747748870133,0.9994372479471529,-4.608109090687055,CD4+ CM,CD45RA
CD4+ EM,CD45RA,CD4+ EM,-0.1618780265321957,-0.09493741176470588,-0.5212047450307162,0.6089473704077366,0.9994372479471529,-5.172208340711169,CD4+ EM,CD45RA
CD4+ TE,CD45RA,CD4+ TE,0.2904046883631537,1.6617295625,0.046414744968524706,0.9635540662024547,0.9994372479471529,-4.630187787885099,CD4+ TE,CD45RA
CD8+ EM,CD45RA,CD8+ EM,-0.006873231425477636,-0.07619941388888889,-0.02896391774388824,0.977212083353913,0.9994372479471529,-5.254854593385923,CD8+ EM,CD45RA
CD8+ TE,CD45RA,CD8+ TE,0.08767960885275673,1.7015997222222223,0.02156234473367241,0.9830342965459373,0.9994372479471529,-4.852530732481126,CD8+ TE,CD45RA
CD4+ Th1,CD45RA,CD4+ Th1,-0.3310593043769655,-0.1719901923076923,-0.433872627738781,0.671494167005745,0.9994372479471529,-4.608913168609693,CD4+ Th1,CD45RA
CD4+ TFH,CD45RA,CD4+ TFH,-0.12623916118102738,-0.1568984090909091,-0.15365544495875216,0.8806639749419101,0.9994372479471529,-4.599151192918554,CD4+ TFH,CD45RA
TCRgd+,CD45RA,TCRgd+,-0.4133604721465844,0.5073888611111111,-1.0201603358563913,0.32116868006406785,0.9994372479471529,-4.629556857627636,TCRgd+,CD45RA
CD4+ CM,CD62L,CD4+ CM,-0.03461897185361908,-0.2821936785714286,-0.036120397402931353,0.9716963196445385,0.9994372479471529,-4.608360575203886,CD4+ CM,CD62L
CD4+ EM,CD62L,CD4+ EM,-0.3264096376317463,-0.3290480588235294,-0.8395740577936385,0.41279870831487664,0.9994372479471529,-5.007313976722101,CD4+ EM,CD62L
CD4+ TE,CD62L,CD4+ TE,-0.29309215093168256,0.032478062499999995,-0.12469654524071096,0.9023169940119548,0.9994372479471529,-4.629705284037451,CD4+ TE,CD62L
CD8+ EM,CD62L,CD8+ EM,-0.1253835349337665,-0.2930486666666667,-0.5523285396768952,0.5875166572885739,0.9994372479471529,-5.138429499924282,CD8+ EM,CD62L
CD8+ TE,CD62L,CD8+ TE,-0.3220262376053297,-0.23068379166666667,-0.5957813014736005,0.5587389660416402,0.9994372479471529,-4.7783930605965494,CD8+ TE,CD62L
CD4+ Th1,CD62L,CD4+ Th1,-0.5186958722792187,-0.31416475384615383,-0.5461145946506711,0.5942355420579323,0.9994372479471529,-4.606985746424891,CD4+ Th1,CD62L
CD4+ TFH,CD62L,CD4+ TFH,-0.46798784946757155,-0.3506120909090909,-0.29876899514019256,0.7706847019387658,0.9994372479471529,-4.598859091654485,CD4+ TFH,CD62L
TCRgd+,CD62L,TCRgd+,-0.23135095000435635,-0.17695311388888887,-0.5916594776024833,0.5614366056427378,0.9994372479471529,-4.753003090356906,TCRgd+,CD62L
CD4+ CM,CD16,CD4+ CM,-0.04996051780012425,-0.1831588642857143,-0.16811507105798001,0.868897157518133,0.9994372479471529,-4.607983427593951,CD4+ CM,CD16
CD4+ EM,CD16,CD4+ EM,-0.09301129638556106,-0.14503176470588236,-0.9517839791417195,0.3545436048113908,0.9994372479471529,-4.932526887266563,CD4+ EM,CD16
CD4+ TE,CD16,CD4+ TE,-0.09327496064304103,-0.083984059375,-0.1549973606986767,0.8787618149966177,0.9994372479471529,-4.629400406363998,CD4+ TE,CD16
CD8+ EM,CD16,CD8+ EM,-0.046277384900715444,-0.10302938888888889,-0.6956710202090355,0.49551927449457256,0.9994372479471529,-5.071110668796739,CD8+ EM,CD16
CD8+ TE,CD16,CD8+ TE,-0.0984334234530241,-0.11213596666666667,-0.47344769190325314,0.6415849615030252,0.9994372479471529,-4.805480243045696,CD8+ TE,CD16
CD4+ Th1,CD16,CD4+ Th1,-0.21402663896478827,-0.16160557692307692,-0.8059639142846019,0.4347591454237736,0.9994372479471529,-4.601034097920529,CD4+ Th1,CD16
CD4+ TFH,CD16,CD4+ TFH,-0.02279525968054265,-0.15208027272727273,-0.04536292574588913,0.9646310533526323,0.9994372479471529,-4.599247839302757,CD4+ TFH,CD16
TCRgd+,CD16,TCRgd+,0.008360009627945602,-0.06989298055555555,0.07529202689479839,0.9408128420363104,0.9994372479471529,-4.817456208841299,TCRgd+,CD16
CD4+ CM,CCR4,CD4+ CM,0.03755417561683613,0.017314607142857145,0.14686809130233192,0.8853300743181398,0.9994372479471529,-4.608076922599967,CD4+ CM,CCR4
CD4+ EM,CCR4,CD4+ EM,-0.047951449249547425,-0.07386272352941177,-0.6874889866260123,0.501047194666199,0.9994372479471529,-5.095068924542936,CD4+ EM,CCR4
CD4+ TE,CCR4,CD4+ TE,-0.0351851908092801,-0.042084978125,-0.14816781123360415,0.8840615293524487,0.9994372479471529,-4.629474861029757,CD4+ TE,CCR4
CD8+ EM,CCR4,CD8+ EM,-0.014374720334812713,-0.06220211111111111,-0.5009662888656506,0.6224655273097659,0.9994372479471529,-5.158952611507697,CD8+ EM,CCR4
CD8+ TE,CCR4,CD8+ TE,-0.025413462196689277,-0.05378025833333333,-0.28845955815550745,0.7762903825111989,0.9994372479471529,-4.835017943633266,CD8+ TE,CCR4
CD4+ Th1,CCR4,CD4+ Th1,-0.07161891627571274,-0.1286848846153846,-0.3455352432516422,0.7352191664940531,0.9994372479471529,-4.610135792920688,CD4+ Th1,CCR4
CD4+ TFH,CCR4,CD4+ TFH,-0.13268793030009698,-0.07257709090909091,-0.286373368730763,0.7799136192122582,0.9994372479471529,-4.598891193073565,CD4+ TFH,CCR4
TCRgd+,CCR4,TCRgd+,-0.014719602980171113,-0.053893027777777776,-0.2967319838290456,0.7700678614754077,0.9994372479471529,-4.8018553834435,TCRgd+,CCR4
CD4+ CM,LAG3,CD4+ CM,0.010268112378188,-9.210857142857142e-4,0.0404553802447952,0.9683013372201101,0.9994372479471529,-4.6083559223772985,CD4+ CM,LAG3
CD4+ EM,LAG3,CD4+ EM,0.004451349490948903,0.006870966470588235,0.058142270856240595,0.9543132603071582,0.9994372479471529,-5.276950375194571,CD4+ EM,LAG3
CD4+ TE,LAG3,CD4+ TE,6.162816258673146e-4,0.010440559375000002,0.0029735940414323185,0.9976641779139312,0.9994372479471529,-4.630265143947641,CD4+ TE,LAG3
CD8+ EM,LAG3,CD8+ EM,0.0027945432409202738,-0.014184358333333334,0.06669994512822433,0.9475558434187326,0.9994372479471529,-5.253458493604147,CD8+ EM,LAG3
CD8+ TE,LAG3,CD8+ TE,0.0044271019604279925,-0.003296083333333333,0.035013141098639566,0.9724546162613283,0.9994372479471529,-4.852369083852295,CD8+ TE,LAG3
CD4+ Th1,LAG3,CD4+ Th1,-0.022117951492498813,0.03324496538461538,-0.10094613686285869,0.9211334564556559,0.9994372479471529,-4.6121010912642575,CD4+ Th1,LAG3
CD4+ TFH,LAG3,CD4+ TFH,-0.005926499443368817,0.00486999090909091,-0.012437678239815817,0.99029913130527,0.9994372479471529,-4.599256391478591,CD4+ TFH,LAG3
TCRgd+,LAG3,TCRgd+,0.028373376626941577,0.0061711249999999995,0.5236058042127436,0.6069397730190912,0.9994372479471529,-4.7670359353187575,TCRgd+,LAG3
CD4+ CM,CCR7,CD4+ CM,-0.21487941944847802,1.279235,-0.39987988359700194,0.6952793108444504,0.9994372479471529,-4.606162101362014,CD4+ CM,CCR7
CD4+ EM,CCR7,CD4+ EM,-0.0015200970040260865,0.017130467647058823,-0.024957621680634208,0.9803793836719314,0.9994372479471529,-5.278037797906948,CD4+ EM,CCR7
CD4+ TE,CCR7,CD4+ TE,0.03534231331201969,0.145178128125,0.044599270057866375,0.9649785948569074,0.9994372479471529,-4.630193744715223,CD4+ TE,CCR7
CD8+ EM,CCR7,CD8+ EM,-0.01736631337964689,-0.03290280388888889,-0.22271054025324336,0.8262683815307976,0.9994372479471529,-5.236026935957287,CD8+ EM,CCR7
CD8+ TE,CCR7,CD8+ TE,0.0014188806020585397,0.00926815,0.010164390200817407,0.9920019365895218,0.9994372479471529,-4.852607551661478,CD8+ TE,CCR7
CD4+ Th1,CCR7,CD4+ Th1,0.009667313012321517,0.05985898076923077,0.036712711453590945,0.9712718228829975,0.9994372479471529,-4.612261642112698,CD4+ Th1,CCR7
CD4+ TFH,CCR7,CD4+ TFH,0.2322056311713462,0.09764645454545455,0.3035639496688307,0.767124540058508,0.9994372479471529,-4.598846320807277,CD4+ TFH,CCR7
TCRgd+,CCR7,TCRgd+,-0.041918482490545535,0.01707368611111111,-0.5052084772402256,0.619542097629336,0.9994372479471529,-4.770550379599109,TCRgd+,CCR7
CD4+ CM,CD56,CD4+ CM,0.1054715853980926,0.0011827785714285705,0.44158348369040423,0.6655343648962996,0.9994372479471529,-4.605682213350124,CD4+ CM,CD56
CD4+ EM,CD56,CD4+ EM,-2.382165440743352e-4,-0.001175814705882353,-0.008489974592105508,0.9933248957957171,0.9994372479471529,-5.278255023105585,CD4+ EM,CD56
CD4+ TE,CD56,CD4+ TE,0.0164780989490317,0.005949479375,0.12188192910196838,0.9045101649073619,0.9994372479471529,-4.629730264632482,CD4+ TE,CD56
CD8+ EM,CD56,CD8+ EM,-0.021640793510372854,0.030729083333333334,-0.21374258462165988,0.8331501833435657,0.9994372479471529,-5.237535866901055,CD8+ EM,CD56
CD8+ TE,CD56,CD8+ TE,0.007559922747723586,0.07762480555555555,0.0435353194457871,0.9657541178696591,0.9994372479471529,-4.852226897973121,CD8+ TE,CD56
CD4+ Th1,CD56,CD4+ Th1,-0.054424543537660484,0.013908484615384614,-0.2640948746235683,0.7958470425761994,0.9994372479471529,-4.61102528910989,CD4+ Th1,CD56
CD4+ TFH,CD56,CD4+ TFH,-0.05816821500484027,0.018689972727272727,-0.12728151922084896,0.9010144715301791,0.9994372479471529,-4.599184376408061,CD4+ TFH,CD56
TCRgd+,CD56,TCRgd+,0.02600666150458828,0.047405775,0.1771374372981765,0.8613783922927637,0.9994372479471529,-4.812575083535142,TCRgd+,CD56
CD4+ CM,TNFa,CD4+ CM,-0.021945812616628705,0.20191985714285715,-0.06994595986821155,0.9452259383378816,0.9994372479471529,-4.608310299159926,CD4+ CM,TNFa
CD4+ EM,TNFa,CD4+ EM,-0.01755548703491187,0.27080470588235295,-0.142668495513105,0.888229265061141,0.9994372479471529,-5.270261963183304,CD4+ EM,TNFa
CD4+ TE,TNFa,CD4+ TE,0.017620992537450385,0.16777978125,0.05566394806769746,0.9562986812029699,0.9994372479471529,-4.630153752785811,CD4+ TE,TNFa
CD8+ EM,TNFa,CD8+ EM,-0.0056839156525006285,0.3187872222222222,-0.03889594194047407,0.9694015008018284,0.9994372479471529,-5.254593913233533,CD8+ EM,TNFa
CD8+ TE,TNFa,CD8+ TE,0.006121401807074829,0.3289525,0.028306514062538285,0.9777291607918699,0.9994372479471529,-4.852459289130519,CD8+ TE,TNFa
CD4+ Th1,TNFa,CD4+ Th1,-0.09762292617415065,0.3607175384615385,-0.3200645168782897,0.7540052640460443,0.9994372479471529,-4.610438781030821,CD4+ Th1,TNFa
CD4+ TFH,TNFa,CD4+ TFH,0.0696401594869312,0.17474699999999999,0.1198406518316865,0.9067700885347797,0.9994372479471529,-4.599192618484845,CD4+ TFH,TNFa
TCRgd+,TNFa,TCRgd+,-0.03841450660862995,0.27358666666666664,-0.30255854678176475,0.7656947130114341,0.9994372479471529,-4.801196701291712,TCRgd+,TNFa
CD4+ CM,CXCR2,CD4+ CM,-0.25207513015757804,-0.13745683928571428,-0.6438401947581348,0.5300856871921968,0.9994372479471529,-4.602732412616821,CD4+ CM,CXCR2
CD4+ EM,CXCR2,CD4+ EM,-0.13767277444197432,-0.10191868823529411,-0.7838248696824357,0.4439272301147035,0.9994372479471529,-5.0413376289436895,CD4+ EM,CXCR2
CD4+ TE,CXCR2,CD4+ TE,-0.18337726105681482,-0.10929703125,-0.2106171870660174,0.8358448342509732,0.9994372479471529,-4.628670129890857,CD4+ TE,CXCR2
CD8+ EM,CXCR2,CD8+ EM,-0.029698181484646563,-0.16452405555555555,-0.22190165729827901,0.8268885147650984,0.9994372479471529,-5.236165564019472,CD8+ EM,CXCR2
CD8+ TE,CXCR2,CD8+ TE,-0.09757327680061008,-0.1899402,-0.17739093391158325,0.8611821975109472,0.9994372479471529,-4.845953978147536,CD8+ TE,CXCR2
CD4+ Th1,CXCR2,CD4+ Th1,-0.13033314940454693,-0.2118011923076923,-0.2860892812890731,0.7793177247442478,0.9994372479471529,-4.610807877805915,CD4+ Th1,CXCR2
CD4+ TFH,CXCR2,CD4+ TFH,-0.2448593557599234,-0.22000545454545456,-0.32281311964498577,0.7528895690663571,0.9994372479471529,-4.598793077632407,CD4+ TFH,CXCR2
TCRgd+,CXCR2,TCRgd+,-0.040619554734826535,-0.13275143055555555,-0.29521533018709634,0.7712075010654622,0.9994372479471529,-4.802024771178435,TCRgd+,CXCR2
CD4+ CM,TCRab,CD4+ CM,0.5362366753058238,1.6829064285714286,0.6972008696099262,0.49709207274670064,0.9994372479471529,-4.601789978766082,CD4+ CM,TCRab
CD4+ EM,TCRab,CD4+ EM,0.4598967912366634,1.3049117647058823,2.021916193299174,0.0592133913763404,0.9994372479471529,-3.8745267887566524,CD4+ EM,TCRab
CD4+ TE,TCRab,CD4+ TE,0.3874742802338311,1.4635146875,0.46713231791278204,0.6467033655260954,0.9994372479471529,-4.622499046363217,CD4+ TE,TCRab
CD8+ EM,TCRab,CD8+ EM,0.2189004814657904,1.1698805555555556,0.9217716185634415,0.36883803860130016,0.9994372479471529,-4.93603747847179,CD8+ EM,TCRab
CD8+ TE,TCRab,CD8+ TE,0.23436002829644187,1.181396111111111,0.5675448994642225,0.5773547824753602,0.9994372479471529,-4.7851662717135675,CD8+ TE,TCRab
CD4+ Th1,TCRab,CD4+ Th1,0.5247716631437844,1.9044634615384615,0.8502433536368738,0.41057594496622885,0.9994372479471529,-4.599829614523426,CD4+ Th1,TCRab
CD4+ TFH,TCRab,CD4+ TFH,0.9337276476282669,1.7887490909090908,0.6270776064313597,0.5434040286618051,0.9994372479471529,-4.597550403299312,CD4+ TFH,TCRab
TCRgd+,TCRab,TCRgd+,-0.029490194434531738,0.1002511138888889,-0.2663527237637449,0.7929946862211122,0.9994372479471529,-4.805085236846177,TCRgd+,TCRab
CD4+ CM,CD107a,CD4+ CM,-0.46977700119220395,-0.4088647142857143,-0.4204161866500145,0.6805628732773367,0.9994372479471529,-4.605931439706352,CD4+ CM,CD107a
CD4+ EM,CD107a,CD4+ EM,-0.6003426484691524,-0.29686146470588237,-0.8062233197710175,0.43124823875299145,0.9994372479471529,-5.027922438531378,CD4+ EM,CD107a
CD4+ TE,CD107a,CD4+ TE,-0.5920552183412556,-0.19477684375,-0.21380164613582883,0.8334024222277079,0.9994372479471529,-4.628621657207664,CD4+ TE,CD107a
CD8+ EM,CD107a,CD8+ EM,-0.24683922040383371,-0.3637620277777778,-0.3367324960500289,0.7402126823323623,0.9994372479471529,-5.211493887960375,CD8+ EM,CD107a
CD8+ TE,CD107a,CD8+ TE,-0.5481565515466127,-0.38385888888888886,-0.475127621431113,0.6404101687130638,0.9994372479471529,-4.8051483740005185,CD8+ TE,CD107a
CD4+ Th1,CD107a,CD4+ Th1,-1.1233209691045007,-0.6610927261538462,-0.6763482958872352,0.5106739392898395,0.9994372479471529,-4.604250922023045,CD4+ Th1,CD107a
CD4+ TFH,CD107a,CD4+ TFH,-1.0753843625363029,-0.4122651818181818,-0.6771322835736018,0.5123105352340541,0.9994372479471529,-4.597278359172723,CD4+ TFH,CD107a
TCRgd+,CD107a,TCRgd+,-0.5617047862521733,-0.34239893111111114,-0.7023185732918462,0.49146348981559906,0.9994372479471529,-4.726786620588065,TCRgd+,CD107a
CD4+ CM,CD45RO,CD4+ CM,-0.19636536388140396,2.4580214285714286,-0.1473771915842639,0.8849356507145607,0.9994372479471529,-4.608074828889306,CD4+ CM,CD45RO
CD4+ EM,CD45RO,CD4+ EM,-0.2525844013193282,2.395173529411765,-0.295333873165206,0.7713154347115633,0.9994372479471529,-5.2439943622968075,CD4+ EM,CD45RO
CD4+ TE,CD45RO,CD4+ TE,-0.19155809716843153,0.1305085625,-0.2735319531756107,0.7879437493868875,0.9994372479471529,-4.627579598953812,CD4+ TE,CD45RO
CD8+ EM,CD45RO,CD8+ EM,-0.16871428598988641,2.0419666666666667,-0.2578446400452963,0.7994516160762851,0.9994372479471529,-5.22952274451095,CD8+ EM,CD45RO
CD8+ TE,CD45RO,CD8+ TE,-0.13015869259769824,0.2503736555555556,-0.24952821285760418,0.805777511628887,0.9994372479471529,-4.839438750802861,CD8+ TE,CD45RO
CD4+ Th1,CD45RO,CD4+ Th1,-0.49632479249368366,2.577028076923077,-0.31837327884566097,0.7552585920157332,0.9994372479471529,-4.610458104352053,CD4+ Th1,CD45RO
CD4+ TFH,CD45RO,CD4+ TFH,-0.7476312197483126,2.5492045454545456,-0.2979484177153086,0.7712945206306192,0.9994372479471529,-4.598861257455744,CD4+ TFH,CD45RO
TCRgd+,CD45RO,TCRgd+,0.5414649596999958,1.3650782777777777,0.5965976944763385,0.5582054671555616,0.9994372479471529,-4.751922146240081,TCRgd+,CD45RO
CD4+ CM,KLRG1,CD4+ CM,-0.07705862938005463,0.16855003571428573,-0.20435098536223714,0.8410200801217796,0.9994372479471529,-4.607795143732388,CD4+ CM,KLRG1
CD4+ EM,KLRG1,CD4+ EM,0.11723598289693436,0.2577362882352941,0.4258838882609664,0.6755355012842975,0.9994372479471529,-5.207225670765837,CD4+ EM,KLRG1
CD4+ TE,KLRG1,CD4+ TE,-0.10570672668067069,0.16397615625,-0.19980557011107736,0.8441499194288451,0.9994372479471529,-4.6288293288515945,CD4+ TE,KLRG1
CD8+ EM,KLRG1,CD8+ EM,0.04092420139924409,0.2969185611111111,0.09816750241855567,0.9228841808437974,0.9994372479471529,-5.251452747935487,CD8+ EM,KLRG1
CD8+ TE,KLRG1,CD8+ TE,0.0599746806598454,0.1622440488888889,0.10071650335817242,0.9208888482163671,0.9994372479471529,-4.850475556589164,CD8+ TE,KLRG1
CD4+ Th1,KLRG1,CD4+ Th1,-0.02234590620199001,0.24827571538461538,-0.06135417285405884,0.952010365946508,0.9994372479471529,-4.612217743867782,CD4+ Th1,KLRG1
CD4+ TFH,KLRG1,CD4+ TFH,0.02024503630203311,0.23372145454545454,0.028714886402183826,0.977606317132113,0.9994372479471529,-4.599253380965627,CD4+ TFH,KLRG1
TCRgd+,KLRG1,TCRgd+,0.13776406450271475,0.37142855555555554,0.18385461914148354,0.8561827765902272,0.9994372479471529,-4.812115285356695,TCRgd+,KLRG1
CD4+ CM,TIM3,CD4+ CM,0.05838999434480593,0.031691332142857145,0.16483603321376555,0.8714293474069579,0.9994372479471529,-4.607998673723036,CD4+ CM,TIM3
CD4+ EM,TIM3,CD4+ EM,-0.054045375267997256,0.11289476470588236,-0.26813232285431804,0.7918237941892536,0.9994372479471529,-5.250003895287596,CD4+ EM,TIM3
CD4+ TE,TIM3,CD4+ TE,-0.0779157515619292,0.08520796875,-0.17332952574680793,0.8645662159512425,0.9994372479471529,-4.629184070272977,CD4+ TE,TIM3
CD8+ EM,TIM3,CD8+ EM,-0.036788749069102476,-0.02644993611111111,-0.21773618116388627,0.8300838397924999,0.9994372479471529,-5.236871519353306,CD8+ EM,TIM3
CD8+ TE,TIM3,CD8+ TE,-0.08956476327879943,-0.03127745,-0.38324419016208205,0.7060272303418286,0.9994372479471529,-4.82162972335906,CD8+ TE,TIM3
CD4+ Th1,TIM3,CD4+ Th1,-0.18744601912666908,-0.006349153846153846,-0.4646448291972812,0.6498716965146278,0.9994372479471529,-4.608425708426479,CD4+ Th1,TIM3
CD4+ TFH,TIM3,CD4+ TFH,0.0016170701839311864,0.03571763636363636,0.002816774446149692,0.9978029751488664,0.9994372479471529,-4.5992570511205715,CD4+ TFH,TIM3
TCRgd+,TIM3,TCRgd+,-0.0816956230503004,-0.03192788888888889,-0.6327801483280509,0.5348339774147619,0.9994372479471529,-4.743746395858859,TCRgd+,TIM3
CD4+ CM,CCR6,CD4+ CM,0.013454363337134399,-0.12698492857142857,0.03428265412397697,0.9731357413721462,0.9994372479471529,-4.608362388749637,CD4+ CM,CCR6
CD4+ EM,CCR6,CD4+ EM,-0.04491329334723354,-0.09040464705882353,-0.18889636239814633,0.8524107568208075,0.9994372479471529,-5.2642294317693725,CD4+ EM,CCR6
CD4+ TE,CCR6,CD4+ TE,-0.14351168313938675,-0.0147604875,-0.25407958883572257,0.8026703603673911,0.9994372479471529,-4.627946598110838,CD4+ TE,CCR6
CD8+ EM,CCR6,CD8+ EM,-0.010553512784790641,-0.061841325555555555,-0.0898678287508857,0.929384662737534,0.9994372479471529,-5.252056033542077,CD8+ EM,CCR6
CD8+ TE,CCR6,CD8+ TE,-0.021407082495792398,-0.05770647222222222,-0.10644278185829832,0.9164083650951843,0.9994372479471529,-4.850223793844106,CD8+ TE,CCR6
CD4+ Th1,CCR6,CD4+ Th1,-0.1824422962829302,-0.05994011538461538,-0.5018041794358776,0.6241958395215674,0.9994372479471529,-4.607795552900437,CD4+ Th1,CCR6
CD4+ TFH,CCR6,CD4+ TFH,0.1580068869796707,-0.0931027909090909,0.23664803637308737,0.8172787794021507,0.9994372479471529,-4.599006642171946,CD4+ TFH,CCR6
TCRgd+,CCR6,TCRgd+,-0.04348956534197004,-0.11134957499999999,-0.23763534749752657,0.8148477398920175,0.9994372479471529,-4.807821887698517,TCRgd+,CCR6
CD4+ CM,41BB,CD4+ CM,-0.007443311642131557,0.09257390714285714,-0.02963890546851342,0.976773402164768,0.9994372479471529,-4.60836654959241,CD4+ CM,41BB
CD4+ EM,41BB,CD4+ EM,-0.007036124599239161,0.08385046352941176,-0.12180908798202146,0.9044784814625709,0.9994372479471529,-5.272434923619166,CD4+ EM,41BB
CD4+ TE,41BB,CD4+ TE,-0.05738946651991175,0.059915996875,-0.2767358898988451,0.7855259592377835,0.9994372479471529,-4.627516601580964,CD4+ TE,41BB
CD8+ EM,41BB,CD8+ EM,0.0017546565196049945,0.15680097222222222,0.0053100803292954,0.9958215968100852,0.9994372479471529,-5.255168171908138,CD8+ EM,41BB
CD8+ TE,41BB,CD8+ TE,-0.02039828058788914,0.14985180555555555,-0.05318232061327025,0.9581724287170456,0.9994372479471529,-4.852028729156814,CD8+ TE,41BB
CD4+ Th1,41BB,CD4+ Th1,-0.02187411460535133,0.09668996153846154,-0.09015307104811217,0.9295397586772767,0.9994372479471529,-4.612138522013296,CD4+ Th1,41BB
CD4+ TFH,41BB,CD4+ TFH,-0.1293559578896416,0.10457013636363637,-0.25707786693746015,0.8018637503679995,0.9994372479471529,-4.598961802145914,CD4+ TFH,41BB
TCRgd+,41BB,TCRgd+,0.005882534909463457,0.03722177222222222,0.08978316863913895,0.9294509975101821,0.9994372479471529,-4.817001552087496,TCRgd+,41BB
CD4+ CM,CD8,CD4+ CM,-0.37149318784988716,0.4161635714285714,-1.0208671406258358,0.3246347791471327,0.9994372479471529,-4.594768213340122,CD4+ CM,CD8
CD4+ EM,CD8,CD4+ EM,-0.03216091245351495,0.4805585294117647,-0.1385461524116874,0.8914367012176616,0.9994372479471529,-5.270718497323711,CD4+ EM,CD8
CD4+ TE,CD8,CD4+ TE,-0.083585764440991,0.25094459375,-0.1393622977322937,0.8909029531194559,0.9994372479471529,-4.6295659318177735,CD4+ TE,CD8
CD8+ EM,CD8,CD8+ EM,-0.33046761037514016,3.134322222222222,-0.35325956739311715,0.7279971763498605,0.9994372479471529,-5.207119648221085,CD8+ EM,CD8
CD8+ TE,CD8,CD8+ TE,0.013513677752843697,3.5180555555555557,0.008801980234003647,0.9930739459346621,0.9994372479471529,-4.852613040960336,CD8+ TE,CD8
CD4+ Th1,CD8,CD4+ Th1,-0.2995467071196576,0.5139731538461538,-0.5972382067270068,0.5606070605031335,0.9994372479471529,-4.605974208092238,CD4+ Th1,CD8
CD4+ TFH,CD8,CD4+ TFH,-0.17582596321394073,0.33567227272727274,-0.26152564317506705,0.7985191294897878,0.9994372479471529,-4.598951559574172,CD4+ TFH,CD8
TCRgd+,CD8,TCRgd+,0.2989439294084877,0.7284731666666667,0.9017616234984018,0.3790917213074422,0.9994372479471529,-4.6694025742575525,TCRgd+,CD8
CD4+ CM,CCR10,CD4+ CM,0.38628383815052975,-0.05592832857142857,0.8422903784748808,0.41378306521320307,0.9994372479471529,-4.598906507180342,CD4+ CM,CCR10
CD4+ EM,CCR10,CD4+ EM,0.013483606150147731,0.0750586,0.01923796931405155,0.9848752554774227,0.9994372479471529,-5.278137489271692,CD4+ EM,CCR10
CD4+ TE,CCR10,CD4+ TE,-0.2181659203050779,0.23016113124999998,-0.15541319944443002,0.8784393146512469,0.9994372479471529,-4.6293957652268745,CD4+ TE,CCR10
CD8+ EM,CCR10,CD8+ EM,-0.01204005356988575,0.019102480555555558,-0.029051257651994004,0.9771433873814797,0.9994372479471529,-5.254852633540565,CD8+ EM,CCR10
CD8+ TE,CCR10,CD8+ TE,-0.22547031085790273,0.18705283333333333,-0.23517865484911976,0.8167247723429432,0.9994372479471529,-4.840908635856882,CD8+ TE,CCR10
CD4+ Th1,CCR10,CD4+ Th1,0.5396120016497394,-0.008766307692307695,0.476790412471474,0.6414260256079577,0.9994372479471529,-4.60822470699826,CD4+ Th1,CCR10
CD4+ TFH,CCR10,CD4+ TFH,0.12431341166505137,0.009606363636363642,0.08739536326736892,0.9319278817609853,0.9994372479471529,-4.599222780097041,CD4+ TFH,CCR10
TCRgd+,CCR10,TCRgd+,0.38148147355630213,0.05681702222222222,0.5178949609079551,0.6108384495569568,0.9994372479471529,-4.768139686603184,TCRgd+,CCR10
CD4+ CM,CD52,CD4+ CM,2.8436582262077534,3.4761785714285716,2.311468852671288,0.03654588259585204,0.9994372479471529,-4.553967648711289,CD4+ CM,CD52
CD4+ TE,CD52,CD4+ TE,2.313999561381084,3.042213125,0.9049646863292995,0.37890924882466603,0.9994372479471529,-4.602125172370626,CD4+ TE,CD52
CD4+ Th1,CD52,CD4+ Th1,3.2557640356756186,3.880692307692308,1.9484705223737706,0.07327529648304683,0.9994372479471529,-4.55868154102107,CD4+ Th1,CD52
CD4+ TFH,CD52,CD4+ TFH,3.3057469215876036,3.96923,1.291024611252016,0.22316658929023483,0.9994372479471529,-4.592747755873957,CD4+ TFH,CD52
TCRgd+,CD52,TCRgd+,2.813928803436235,2.8074305555555554,2.4367491035534172,0.025429343185119756,0.9994372479471529,-3.9290110943290184,TCRgd+,CD52
CD4+ CM,CD28,CD4+ CM,0.23194432977399848,1.1070825,0.26455312279113374,0.7952085791965221,0.9994372479471529,-4.607402489642805,CD4+ CM,CD28
CD4+ EM,CD28,CD4+ EM,0.1444350582796623,1.0747029411764706,0.34171500336301197,0.7367529848967547,0.9994372479471529,-5.232428520133662,CD4+ EM,CD28
CD4+ TE,CD28,CD4+ TE,-0.09165105023748597,0.6731071875,-0.05581205811696477,0.9561825292332704,0.9994372479471529,-4.630153157633195,CD4+ TE,CD28
CD8+ EM,CD28,CD8+ EM,0.16739967447209592,0.48338416666666667,0.31140623884010415,0.7590695583125258,0.9994372479471529,-5.217796558324009,CD8+ EM,CD28
CD8+ TE,CD28,CD8+ TE,-0.16482712731501406,0.46554449999999997,-0.1644551070362408,0.871205518306793,0.9994372479471529,-4.846890949318892,CD8+ TE,CD28
CD4+ Th1,CD28,CD4+ Th1,-0.2937550549053984,1.3233826923076923,-0.2556082450123321,0.8022529587180398,0.9994372479471529,-4.611104629008539,CD4+ Th1,CD28
CD4+ TFH,CD28,CD4+ TFH,0.35356283397870497,1.1561063636363635,0.23328639797145012,0.8198231980833488,0.9994372479471529,-4.599013672241955,CD4+ TFH,CD28
TCRgd+,CD28,TCRgd+,-0.07887658191163373,0.42334475,-0.16896909190984316,0.867705215569266,0.9994372479471529,-4.81311128761002,TCRgd+,CD28
CD4+ CM,CD4,CD4+ CM,0.05754593095583479,3.674217857142857,0.051800564628739706,0.9594194424864879,0.9994372479471529,-4.608341253334083,CD4+ CM,CD4
CD4+ EM,CD4,CD4+ EM,0.4039495222314532,3.726841176470588,0.9830308557292919,0.33937654445358634,0.9994372479471529,-4.910240708759529,CD4+ EM,CD4
CD4+ TE,CD4,CD4+ TE,0.35937354219949563,3.155728125,0.24214214493206448,0.8117463087818362,0.9994372479471529,-4.628158623686396,CD4+ TE,CD4
CD8+ EM,CD4,CD8+ EM,0.050095152123372046,0.21798755555555555,0.2542071501043411,0.8022167468317412,0.9994372479471529,-5.230239891077716,CD8+ EM,CD4
CD8+ TE,CD4,CD8+ TE,0.009990300676909827,0.13317759166666665,0.030193282299854442,0.976245161142801,0.9994372479471529,-4.852435843159643,CD8+ TE,CD4
CD4+ Th1,CD4,CD4+ Th1,0.4591708253853702,4.007538461538461,0.41968104999369243,0.6815710631342107,0.9994372479471529,-4.609127360196666,CD4+ Th1,CD4
CD4+ TFH,CD4,CD4+ TFH,0.031599346563404504,3.824381818181818,0.013955626365532017,0.9891152745557601,0.9994372479471529,-4.599256211409513,CD4+ TFH,CD4
TCRgd+,CD4,TCRgd+,0.4655944274951763,0.28440058333333335,0.6362282106652243,0.5326349836466548,0.9994372479471529,-4.742943915051501,TCRgd+,CD4
CD4+ CM,CD14,CD4+ CM,-0.12265135507982625,-0.13017653214285715,-0.200887140708585,0.8436759824267944,0.9994372479471529,-4.607814709034231,CD4+ CM,CD14
CD4+ EM,CD14,CD4+ EM,-0.1788001818708057,-0.1139570294117647,-0.374737779722997,0.7124891665123476,0.9994372479471529,-5.223185450490742,CD4+ EM,CD14
CD4+ TE,CD14,CD4+ TE,-0.08997493852758676,-0.06030684375,-0.10493320433454469,0.9177329887278306,0.9994372479471529,-4.629868671106241,CD4+ TE,CD14
CD8+ EM,CD14,CD8+ EM,-0.03334306985348849,-0.012381413888888889,-0.2274256320488988,0.8226558915517537,0.9994372479471529,-5.235208885087444,CD8+ EM,CD14
CD8+ TE,CD14,CD8+ TE,-0.06494257095416012,0.02391336111111111,-0.33049748341599516,0.7448398552755516,0.9994372479471529,-4.829537318211756,CD8+ TE,CD14
CD4+ Th1,CD14,CD4+ Th1,-0.5124627147857916,-0.15890962307692308,-0.5209122351359615,0.6111861678357009,0.9994372479471529,-4.607454058101023,CD4+ Th1,CD14
CD4+ TFH,CD14,CD4+ TFH,-0.07114525629235324,-0.18244904545454546,-0.05815576006669563,0.9546675394852779,0.9994372479471529,-4.5992418898934355,CD4+ TFH,CD14
TCRgd+,CD14,TCRgd+,-0.17726004768178089,-0.039031555555555555,-0.6181673064692225,0.5442081559114277,0.9994372479471529,-4.7471022933073455,TCRgd+,CD14
CD4+ CM,CD95,CD4+ CM,-0.27337024880779887,1.6595721428571428,-0.3116960902515696,0.7598648200868974,0.9994372479471529,-4.607026086002041,CD4+ CM,CD95
CD4+ EM,CD95,CD4+ EM,0.3972487619155945,1.4939617647058823,0.8560585038665304,0.40387050800102253,0.9994372479471529,-4.996850257679672,CD4+ EM,CD95
CD4+ TE,CD95,CD4+ TE,-0.061210920624761425,0.776285,-0.027041211470159136,0.9787612635910508,0.9994372479471529,-4.6302390959371476,CD4+ TE,CD95
CD8+ EM,CD95,CD8+ EM,0.23538929524360577,1.3562447222222223,0.6678988265783514,0.5126716025949526,0.9994372479471529,-5.085292010504553,CD8+ EM,CD95
CD8+ TE,CD95,CD8+ TE,0.1417421503620428,0.8221816666666667,0.1912928423172155,0.8504373412187374,0.9994372479471529,-4.84486843719223,CD8+ TE,CD95
CD4+ Th1,CD95,CD4+ Th1,0.38848509563334604,1.923526923076923,0.48910566978756714,0.6329150650894866,0.9994372479471529,-4.608015964453394,CD4+ Th1,CD95
CD4+ TFH,CD95,CD4+ TFH,-0.30993451113262466,1.8413318181818181,-0.15616929974527918,0.8787286896369407,0.9994372479471529,-4.599147707352427,CD4+ TFH,CD95
TCRgd+,CD95,TCRgd+,0.04581224197033191,1.0171213888888888,0.11071824523955201,0.913064930690495,0.9994372479471529,-4.816203996561168,TCRgd+,CD95
CD4+ CM,TCRgd,CD4+ CM,-0.09578880748496807,0.5697877142857143,-0.14144522587630487,0.8895333563526235,0.9994372479471529,-4.6080987775451305,CD4+ CM,TCRgd
CD4+ EM,TCRgd,CD4+ EM,0.18784708190663496,0.37560088235294115,0.5597765311614139,0.5829330621542385,0.9994372479471529,-5.156112904924225,CD4+ EM,TCRgd
CD4+ TE,TCRgd,CD4+ TE,0.2620986027073458,0.2230926625,0.2753060946202914,0.7866046486271775,0.9994372479471529,-4.627544803906722,CD4+ TE,TCRgd
CD8+ EM,TCRgd,CD8+ EM,0.005553591719284146,0.3135946111111111,0.016630626161202887,0.986914242198067,0.9994372479471529,-5.255072097768439,CD8+ EM,TCRgd
CD8+ TE,TCRgd,CD8+ TE,0.10179844497747993,0.29509341666666666,0.24572701997439686,0.8086735203972238,0.9994372479471529,-4.83983650719221,CD8+ TE,TCRgd
CD4+ Th1,TCRgd,CD4+ Th1,0.48941281069237513,0.3603264230769231,0.6853166018078304,0.5051811013341998,0.9994372479471529,-4.604043774350368,CD4+ Th1,TCRgd
CD4+ TFH,TCRgd,CD4+ TFH,0.42283502541142365,0.40742181818181816,0.3533489257232963,0.7305053939539561,0.9994372479471529,-4.598702169461005,CD4+ TFH,TCRgd
TCRgd+,TCRgd,TCRgd+,0.03174146293549651,1.0087591666666667,0.09117032949008733,0.9283641658215372,0.9994372479471529,-4.8169538496287245,TCRgd+,TCRgd
CD4+ CM,CXCR1,CD4+ CM,0.10094454151980105,-0.052592464285714284,0.42622540651409,0.6764240095927706,0.9994372479471529,-4.605864197561904,CD4+ CM,CXCR1
CD4+ EM,CXCR1,CD4+ EM,0.006621341808991425,-0.012322575882352943,0.10214095744593943,0.9198398955579649,0.9994372479471529,-5.274170461697251,CD4+ EM,CXCR1
CD4+ TE,CXCR1,CD4+ TE,-0.05241380533065423,0.030260571875,-0.2236425378143333,0.825865908401863,0.9994372479471529,-4.628467318114924,CD4+ TE,CXCR1
CD8+ EM,CXCR1,CD8+ EM,-0.0016524732892897389,-0.04184547444444445,-0.027251334604726223,0.978559127827074,0.9994372479471529,-5.25489183039939,CD8+ EM,CXCR1
CD8+ TE,CXCR1,CD8+ TE,-0.031427100526633465,-0.05581401111111111,-0.2177087398097284,0.8301049001595401,0.9994372479471529,-4.842581776595539,CD8+ TE,CXCR1
CD4+ Th1,CXCR1,CD4+ Th1,0.013845656080837135,0.04725019230769231,0.06531576166217243,0.9489163122501445,0.9994372479471529,-4.612208629943085,CD4+ Th1,CXCR1
CD4+ TFH,CXCR1,CD4+ TFH,0.03759079830590528,-0.012203595454545454,0.080476123026158,0.9373040470392767,0.9994372479471529,-4.599227994237946,CD4+ TFH,CXCR1
TCRgd+,CXCR1,TCRgd+,0.024205447665146304,-0.06733377777777777,0.33876506314341376,0.7387064509455081,0.9994372479471529,-4.796821841007788,TCRgd+,CXCR1
CD4+ CM,CD3,CD4+ CM,0.5838581640058013,2.7090678571428572,0.53295171478377,0.6024246593597975,0.9994372479471529,-4.604475005216748,CD4+ CM,CD3
CD4+ EM,CD3,CD4+ EM,0.7811742220732891,2.3688911764705884,1.2263101233603655,0.2367972450439955,0.9994372479471529,-4.716195448730238,CD4+ EM,CD3
CD4+ TE,CD3,CD4+ TE,0.7338404229083028,2.470271875,0.5092560872399513,0.6175237701364207,0.9994372479471529,-4.621057783815182,CD4+ TE,CD3
CD8+ EM,CD3,CD8+ EM,0.3066941720921529,2.3677166666666665,0.5039693046861676,0.6203953799103312,0.9994372479471529,-5.157805737110143,CD8+ EM,CD3
CD8+ TE,CD3,CD8+ TE,0.5423664312675104,2.377125,0.8101978734708524,0.42840824886967943,0.9994372479471529,-4.717126615049483,CD8+ TE,CD3
CD4+ Th1,CD3,CD4+ Th1,0.846775913801104,2.9330307692307693,0.8968861339580663,0.3860873992760193,0.9994372479471529,-4.598505963098272,CD4+ Th1,CD3
CD4+ TFH,CD3,CD4+ TFH,1.0460803484995176,2.755072727272727,0.49950162066209725,0.6272656329768318,0.9994372479471529,-4.598160418247149,CD4+ TFH,CD3
TCRgd+,CD3,TCRgd+,0.3251434405144077,2.3965,0.6488823605696327,0.5246075649166064,0.9994372479471529,-4.739964245065673,TCRgd+,CD3
CD4+ CM,CTLA-4,CD4+ CM,-0.06707968753887705,0.32163289285714286,-0.19603263191623344,0.8474014927000997,0.9994372479471529,-4.6078415728405675,CD4+ CM,CTLA-4
CD4+ EM,CTLA-4,CD4+ EM,-0.07453487141435575,0.3186541176470588,-0.588161638234088,0.5641564244248483,0.9994372479471529,-5.1435684685263965,CD4+ EM,CTLA-4
CD4+ TE,CTLA-4,CD4+ TE,0.027836531366462157,0.20222014375,0.03408397599266058,0.9732317685047267,0.9994372479471529,-4.6302235742449165,CD4+ TE,CTLA-4
CD8+ EM,CTLA-4,CD8+ EM,0.06762751168743425,0.09042839444444445,0.44814595677019836,0.6593951385105888,0.9994372479471529,-5.178039823809968,CD8+ EM,CTLA-4
CD8+ TE,CTLA-4,CD8+ TE,0.15570675315396398,0.1028419,0.36634157553817925,0.7183806893464337,0.9994372479471529,-4.824288027303302,CD8+ TE,CTLA-4
CD4+ Th1,CTLA-4,CD4+ Th1,0.061538602361189715,0.4401415384615385,0.20728541178782084,0.8389985831180684,0.9994372479471529,-4.611507819649442,CD4+ Th1,CTLA-4
CD4+ TFH,CTLA-4,CD4+ TFH,0.06525824830590485,0.21006463636363637,0.10088197005899968,0.9214593879275341,0.9994372479471529,-4.59921138540067,CD4+ TFH,CTLA-4
TCRgd+,CTLA-4,TCRgd+,0.10336208581581904,0.16573361111111112,0.4426742940158308,0.6632749077839689,0.9994372479471529,-4.7815954051227605,TCRgd+,CTLA-4
CD4+ CM,CD127,CD4+ CM,0.029761263114243725,0.3954154642857143,0.07558030994621623,0.940822385508707,0.9994372479471529,-4.608298812632969,CD4+ CM,CD127
CD4+ EM,CD127,CD4+ EM,0.13937925400093745,0.32347588235294117,0.7823925097285883,0.44474586869358657,0.9994372479471529,-5.0421838060382065,CD4+ EM,CD127
CD4+ TE,CD127,CD4+ TE,0.09434031678991658,0.1525866428125,0.3098038259285407,0.7607085329236686,0.9994372479471529,-4.626824424965924,CD4+ TE,CD127
CD8+ EM,CD127,CD8+ EM,0.019302575453369247,0.10128202777777778,0.42202735338745734,0.6780026444194583,0.9994372479471529,-5.1867150775938535,CD8+ EM,CD127
CD8+ TE,CD127,CD8+ TE,0.011303000928885492,0.07668176666666666,0.09533725403590504,0.9251002878064255,0.9994372479471529,-4.850699405302594,CD8+ TE,CD127
CD4+ Th1,CD127,CD4+ Th1,0.08163932670000537,0.49316615384615387,0.2738866316177197,0.7884750987202984,0.9994372479471529,-4.610930597203487,CD4+ Th1,CD127
CD4+ TFH,CD127,CD4+ TFH,0.17409557841239123,0.4185327272727273,0.2435480643947396,0.8120630708901005,0.9994372479471529,-4.598991903801456,CD4+ TFH,CD127
TCRgd+,CD127,TCRgd+,0.016515879390763724,0.10233747222222223,0.2531120525995061,0.8030497416925002,0.9994372479471529,-4.806385318655226,TCRgd+,CD127
CD4+ CM,TIGIT,CD4+ CM,-0.49039544510885397,0.1642389882142857,-1.106707784990483,0.2870739650108241,0.9994372479471529,-4.592572613156771,CD4+ CM,TIGIT
CD4+ EM,TIGIT,CD4+ EM,-0.16584868086511576,0.11259884705882353,-0.7627313557175831,0.4560774226851768,0.9994372479471529,-5.053655754496558,CD4+ EM,TIGIT
CD4+ TE,TIGIT,CD4+ TE,-0.08406424375228227,-0.002722500000000001,-0.192412608552886,0.8498399382239696,0.9994372479471529,-4.628933406201659,CD4+ TE,TIGIT
CD8+ EM,TIGIT,CD8+ EM,-0.19292956858167107,0.48278194444444444,-0.5007246832825243,0.622632220813011,0.9994372479471529,-5.159044595018386,CD8+ EM,TIGIT
CD8+ TE,TIGIT,CD8+ TE,-0.14683354267330664,0.17870628055555554,-0.6840131783382907,0.502678533199635,0.9994372479471529,-4.755256882029148,CD8+ TE,TIGIT
CD4+ Th1,TIGIT,CD4+ Th1,-0.39040073034489853,0.155895,-0.7784732477454174,0.4502274941952249,0.9994372479471529,-4.601755537021019,CD4+ Th1,TIGIT
CD4+ TFH,TIGIT,CD4+ TFH,-1.942445178121979,0.673865,-1.455810569131473,0.17338434738918326,0.9994372479471529,-4.591264585836938,CD4+ TFH,TIGIT
TCRgd+,TIGIT,TCRgd+,-0.18644128424335224,0.16251219444444445,-1.0251010252921537,0.31889514790850865,0.9994372479471529,-4.627805662190239,TCRgd+,TIGIT
CD4+ CM,CD25,CD4+ CM,-0.21434139850715436,0.77742,-0.33590328729790325,0.7419247617659861,0.9994372479471529,-4.606809527977811,CD4+ CM,CD25
CD4+ EM,CD25,CD4+ EM,0.004262762460544554,0.5435064705882353,0.012463102598887863,0.9902012325827645,0.9994372479471529,-5.2782221907831,CD4+ EM,CD25
CD4+ TE,CD25,CD4+ TE,-0.06899465816952903,0.3172879625,-0.11498879213570028,0.9098846877827708,0.9994372479471529,-4.6297890430235755,CD4+ TE,CD25
CD8+ EM,CD25,CD8+ EM,0.007582072389436084,0.158925,0.058689273186360975,0.9538462438715412,0.9994372479471529,-5.25384691369543,CD8+ EM,CD25
CD8+ TE,CD25,CD8+ TE,-0.02063313677954525,0.07363335833333333,-0.18578563982020183,0.854690407679363,0.9994372479471529,-4.845308203443068,CD8+ TE,CD25
CD4+ Th1,CD25,CD4+ Th1,0.11454737175851917,0.5333665384615385,0.24802694999605257,0.807988126530213,0.9994372479471529,-4.611173356335967,CD4+ Th1,CD25
CD4+ TFH,CD25,CD4+ TFH,0.006619929816070684,0.4700240909090909,0.007237335641624906,0.9943550759652661,0.9994372479471529,-4.599256851354903,CD4+ TFH,CD25
TCRgd+,CD25,TCRgd+,0.08623708457713404,0.14462597222222223,0.3895603936510799,0.7014322321648363,0.9994372479471529,-4.789870552616122,TCRgd+,CD25
CD4+ CM,CXCR5,CD4+ CM,0.0653238604602945,-0.17753875,0.20427214812280847,0.8410805063591154,0.9994372479471529,-4.607795592715846,CD4+ CM,CXCR5
CD4+ EM,CXCR5,CD4+ EM,-0.03255443486902699,-0.10763358823529412,-0.19153733954280144,0.850373660999796,0.9994372479471529,-5.263834238597863,CD4+ EM,CXCR5
CD4+ TE,CXCR5,CD4+ TE,-0.07597745001826761,-0.048119375,-0.2032025393158825,0.8415383958232516,0.9994372479471529,-4.628780203713102,CD4+ TE,CXCR5
CD8+ EM,CXCR5,CD8+ EM,0.02749168184958183,-0.08962987888888889,0.17264603881069016,0.8648560567673584,0.9994372479471529,-5.243661767460933,CD8+ EM,CXCR5
CD8+ TE,CXCR5,CD8+ TE,0.04314051102718398,-0.07694384472222222,0.16105421060728092,0.8738445067110742,0.9994372479471529,-4.847125569150661,CD8+ TE,CXCR5
CD4+ Th1,CXCR5,CD4+ Th1,-0.12974244213538166,-0.06039241884615385,-0.5490557279488819,0.5922731410568651,0.9994372479471529,-4.606929777519558,CD4+ Th1,CXCR5
CD4+ TFH,CXCR5,CD4+ TFH,0.2109939085188769,0.6525854545454546,0.23585676773755704,0.8178774928128315,0.9994372479471529,-4.599008305792923,CD4+ TFH,CXCR5
TCRgd+,CXCR5,TCRgd+,0.0024907258985169822,-0.037835825000000003,0.015330679023245083,0.9879370134960477,0.9994372479471529,-4.818489356512773,TCRgd+,CXCR5
CD4+ CM,CD19,CD4+ CM,-0.05498192411880586,0.04581168214285714,-0.2304989065530926,0.8210382046947262,0.9994372479471529,-4.607636798644593,CD4+ CM,CD19
CD4+ EM,CD19,CD4+ EM,0.01123871510772358,0.041543379411764704,0.17744365528005793,0.8612569499323084,0.9994372479471529,-5.2658800306453495,CD4+ EM,CD19
CD4+ TE,CD19,CD4+ TE,-0.0038993017309097277,0.02039188125,-0.02174808946046065,0.9829178118908626,0.9994372479471529,-4.630248407664581,CD4+ TE,CD19
CD8+ EM,CD19,CD8+ EM,0.013588106148384328,0.07160497222222222,0.11985380748529945,0.9059265478651315,0.9994372479471529,-5.249625443459831,CD8+ EM,CD19
CD8+ TE,CD19,CD8+ TE,0.006249636276311394,0.007470322222222223,0.04352776268556771,0.9657600582290343,0.9994372479471529,-4.8522270377144805,CD8+ TE,CD19
CD4+ Th1,CD19,CD4+ Th1,0.007172442336443814,0.010916307692307694,0.032866827743483706,0.9742800422027339,0.9994372479471529,-4.612266504215668,CD4+ Th1,CD19
CD4+ TFH,CD19,CD4+ TFH,0.06268770687318527,0.038766518181818185,0.12590762393350177,0.9020767624884753,0.9994372479471529,-4.599185935391686,CD4+ TFH,CD19
TCRgd+,CD19,TCRgd+,0.017222249557136336,0.07670013333333334,0.2816936043386524,0.7813913660773351,0.9994372479471529,-4.803497162529455,TCRgd+,CD19
CD4+ CM,OX40,CD4+ CM,-0.06755847769541787,0.25519280714285714,-0.09232374307782516,0.9277489014079332,0.9994372479471529,-4.608259439670981,CD4+ CM,OX40
CD4+ EM,OX40,CD4+ EM,0.057335804673820406,0.19561687647058823,0.1532437404708107,0.8800103293545442,0.9994372479471529,-5.269029778320068,CD4+ EM,OX40
CD4+ TE,OX40,CD4+ TE,0.08061943170716264,0.13542763125,0.09100351475211658,0.928619351136788,0.9994372479471529,-4.629966976391528,CD4+ TE,OX40
CD8+ EM,OX40,CD8+ EM,-0.06103272568632963,0.17088016388888888,-0.2009509771360299,0.8429900890004561,0.9994372479471529,-5.239581516949331,CD8+ EM,OX40
CD8+ TE,OX40,CD8+ TE,-0.04052457220141869,0.18668282722222224,-0.09852872660524606,0.9226013857856937,0.9994372479471529,-4.850568076834728,CD8+ TE,OX40
CD4+ Th1,OX40,CD4+ Th1,-0.049960579677269766,0.4982383076923077,-0.10302155517830273,0.9195180902836739,0.9994372479471529,-4.612093410397202,CD4+ Th1,OX40
CD4+ TFH,OX40,CD4+ TFH,0.07741536302032954,0.1875848,0.06513942092608156,0.9492317129403919,0.9994372479471529,-4.599238022381435,CD4+ TFH,OX40
TCRgd+,OX40,TCRgd+,-0.06890497546348166,0.1300472675,-0.23036270010668938,0.8204076976040939,0.9994372479471529,-4.808465973180026,TCRgd+,OX40
CD4+ CM,IFNg,CD4+ CM,-0.006830461880572301,0.057412817857142855,-0.022977813001778605,0.9819922560517919,0.9994372479471529,-4.608371462677378,CD4+ CM,IFNg
CD4+ EM,IFNg,CD4+ EM,0.025865612603438365,0.06033843529411765,0.18677493349443575,0.8540478819945934,0.9994372479471529,-5.264542927139386,CD4+ EM,IFNg
CD4+ TE,IFNg,CD4+ TE,0.057256819190720336,0.029892065625,0.2211902817583436,0.8277423223113888,0.9994372479471529,-4.628506419977645,CD4+ TE,IFNg
CD8+ EM,IFNg,CD8+ EM,0.03823031171046146,0.07342700555555555,0.6484091106590698,0.5249065664010606,0.9994372479471529,-5.094920178098989,CD8+ EM,IFNg
CD8+ TE,IFNg,CD8+ TE,0.05087232194856941,0.05070885555555556,0.5515299825685166,0.5880524269197747,0.9994372479471529,-4.788869930963262,CD8+ TE,IFNg
CD4+ Th1,IFNg,CD4+ Th1,-0.1258774647316593,0.21114706153846152,-0.4200077716486504,0.6813383446531094,0.9994372479471529,-4.609122504844747,CD4+ Th1,IFNg
CD4+ TFH,IFNg,CD4+ TFH,0.12811606021297176,0.032659263636363636,0.24667365801416133,0.8097035569142321,0.9994372479471529,-4.598985091159962,CD4+ TFH,IFNg
TCRgd+,IFNg,TCRgd+,0.09722453852161791,0.059487202777777776,0.6886161061714614,0.4998447332423118,0.9994372479471529,-4.730256847318952,TCRgd+,IFNg
CD4+ CM,CD39,CD4+ CM,-0.5257239425668677,0.3984185357142857,-1.4964341597700261,0.15674093565864494,0.9994372479471529,-4.581265088762794,CD4+ CM,CD39
CD4+ EM,CD39,CD4+ EM,-0.7134665683044923,0.6660223529411765,-1.3529324292797262,0.1937973431198057,0.9994372479471529,-4.601753286305274,CD4+ EM,CD39
CD4+ TE,CD39,CD4+ TE,-0.038474383010595505,0.0944765625,-0.21208762906488685,0.8347168194006024,0.9994372479471529,-4.628647836767155,CD4+ TE,CD39
CD8+ EM,CD39,CD8+ EM,0.057054221497534675,0.3979163611111111,0.08271269894413226,0.9349928383349404,0.9994372479471529,-5.2525334248545965,CD8+ EM,CD39
CD8+ TE,CD39,CD8+ TE,-0.05892073029483159,0.12298630555555555,-0.25104624979404816,0.8046217719462636,0.9994372479471529,-4.839278216281594,CD8+ TE,CD39
CD4+ Th1,CD39,CD4+ Th1,-2.480262993401041,1.1393926461538462,-0.7893660962205794,0.44405696257921,0.9994372479471529,-4.601472129018466,CD4+ Th1,CD39
CD4+ TFH,CD39,CD4+ TFH,-1.5156778915779283,0.4577181818181818,-2.2754906102255625,0.04388164995945516,0.9994372479471529,-4.5834117343967264,CD4+ TFH,CD39
TCRgd+,CD39,TCRgd+,-0.1806280629357591,0.16275389444444444,-1.2580928147918973,0.22443375929963724,0.9994372479471529,-4.537734066287137,TCRgd+,CD39
CD4+ CM,CXCR3,CD4+ CM,0.020988255909185037,0.04303442857142857,0.05122331609528763,0.9598712329909393,0.9994372479471529,-4.6083420867588325,CD4+ CM,CXCR3
CD4+ EM,CXCR3,CD4+ EM,0.04161627694389441,0.00358194117647059,0.1692479648097765,0.8675991329062352,0.9994372479471529,-5.266998156135112,CD4+ EM,CXCR3
CD4+ TE,CXCR3,CD4+ TE,0.016699007038729678,0.005722346874999999,0.05081335615771807,0.9601031950549199,0.9994372479471529,-4.630172370577969,CD4+ TE,CXCR3
CD8+ EM,CXCR3,CD8+ EM,0.053628887344584236,0.03749963888888889,0.3113529389925927,0.7591094124460155,0.9994372479471529,-5.217809310429604,CD8+ EM,CXCR3
CD8+ TE,CXCR3,CD8+ TE,0.06595948685920436,0.06547516666666667,0.36848961454341994,0.7168062467819909,0.9994372479471529,-4.823956689114781,CD8+ TE,CXCR3
CD4+ Th1,CXCR3,CD4+ Th1,-0.021801056348919837,0.48289692307692306,-0.08264662640125293,0.93539149408165,0.9994372479471529,-4.612162067753012,CD4+ Th1,CXCR3
CD4+ TFH,CXCR3,CD4+ TFH,-0.06793139738625381,0.07985522727272727,-0.09641922181370396,0.9249218192700029,0.9994372479471529,-4.599215336054286,CD4+ TFH,CXCR3
TCRgd+,CXCR3,TCRgd+,0.13432993861262293,-0.09278227166666667,0.559260455316111,0.582876209827398,0.9994372479471529,-4.75988548982273,TCRgd+,CXCR3
CD4+ CM,CD40L,CD4+ CM,-0.20004011823553866,0.16487142857142859,-0.5138702935466087,0.6153569251249991,0.9994372479471529,-4.604744525967573,CD4+ CM,CD40L
CD4+ EM,CD40L,CD4+ EM,0.04151272689321538,0.0976271514117647,0.2689540414803746,0.7912018741287465,0.9994372479471529,-5.249830760574587,CD4+ EM,CD40L
CD4+ TE,CD40L,CD4+ TE,-2.0784007142773367e-4,0.073612995625,-7.164045981894733e-4,0.9994372479471529,0.9994372479471529,-4.6302654442918785,CD4+ TE,CD40L
CD8+ EM,CD40L,CD8+ EM,0.011857305468145927,0.020419983333333332,0.11865397800090413,0.9068636188254979,0.9994372479471529,-5.249736024492525,CD8+ EM,CD40L
CD8+ TE,CD40L,CD8+ TE,0.02709979625441798,-0.0282195,0.13879475448942138,0.8911533448142575,0.9994372479471529,-4.848540628928716,CD8+ TE,CD40L
CD4+ Th1,CD40L,CD4+ Th1,0.31931449244728544,0.06914430769230769,0.7240132333984602,0.4818839981490288,0.9994372479471529,-4.603123173225057,CD4+ Th1,CD40L
CD4+ TFH,CD40L,CD4+ TFH,0.12099602904162636,0.06252691818181819,0.1837090048532256,0.8575842467346881,0.9994372479471529,-4.59910585670685,CD4+ TFH,CD40L
TCRgd+,CD40L,TCRgd+,0.00910681857628131,0.054155438888888886,0.11387064129491963,0.9106008061654185,0.9994372479471529,-4.816069503155678,TCRgd+,CD40L
CD4+ CM,PD-1,CD4+ CM,-0.03205940284573912,0.09088655,-0.11945065185012431,0.9066154576535377,0.9994372479471529,-4.608179030719664,CD4+ CM,PD-1
CD4+ EM,PD-1,CD4+ EM,0.017584561629180703,0.11865041176470588,0.08264094962457731,0.9351022885662565,0.9994372479471529,-5.275590638597356,CD4+ EM,PD-1
CD4+ TE,PD-1,CD4+ TE,-0.0027532438134822037,4.068250000000003e-4,-0.01601609547836085,0.9874195642318874,0.9994372479471529,-4.630256213008503,CD4+ TE,PD-1
CD8+ EM,PD-1,CD8+ EM,-0.02728421060860476,0.05048269888888889,-0.22551247116931974,0.8241211820623928,0.9994372479471529,-5.235542862766219,CD8+ EM,PD-1
CD8+ TE,PD-1,CD8+ TE,-0.04041797586399019,0.04650228333333334,-0.23934413708814753,0.8135428207598884,0.9994372479471529,-4.840490821155319,CD8+ TE,PD-1
CD4+ Th1,PD-1,CD4+ Th1,-0.025776719183378878,0.07103938461538462,-0.07076375325898733,0.9446627762184187,0.9994372479471529,-4.612195166663649,CD4+ Th1,PD-1
CD4+ TFH,PD-1,CD4+ TFH,0.005443988867375993,0.14379190909090908,0.009410599249139437,0.9926600380209127,0.9994372479471529,-4.599256688736604,CD4+ TFH,PD-1
TCRgd+,PD-1,TCRgd+,-0.06408944956185586,0.11572318888888888,-0.609471567554207,0.5498283044257106,0.9994372479471529,-4.749064634093329,TCRgd+,PD-1
